epoch,epoch_train_loss,epoch_val_loss,num_decay_params,num_nodecay_params,step,total_params,train_loss_epoch,train_loss_step,trainable_params,val_loss
0,,,,,4,,,10.580078125,,
0,,,,,9,,,9.499102592468262,,
0,,,,,14,,,8.001910209655762,,
0,,,,,19,,,7.120309352874756,,
0,,,,,24,,,6.688472747802734,,
0,,6.682031154632568,,,24,,,,,6.686295986175537
0,,,,,29,,,6.619157791137695,,
0,,,,,34,,,6.6157050132751465,,
0,,,,,39,,,6.635291576385498,,
0,,,,,44,,,6.596940517425537,,
0,,,,,49,,,6.523964881896973,,
0,,6.563658237457275,,,49,,,,,6.56410551071167
0,,,,,54,,,6.523695945739746,,
0,,,,,59,,,6.553244590759277,,
0,,,,,64,,,6.550799369812012,,
0,,,,,69,,,6.5876688957214355,,
0,,,,,74,,,6.445265769958496,,
0,,6.533520221710205,,,74,,,,,6.5336384773254395
0,7.281923294067383,,3330176.0,1858.0,74,3332034.0,7.2907304763793945,,3332034.0,
1,,,,,79,,,6.49661111831665,,
1,,,,,84,,,6.541932106018066,,
1,,,,,89,,,6.444450378417969,,
1,,,,,94,,,6.3712592124938965,,
1,,,,,99,,,6.309322357177734,,
1,,6.362598419189453,,,99,,,,,6.3618083000183105
1,,,,,104,,,6.327898025512695,,
1,,,,,109,,,6.203607559204102,,
1,,,,,114,,,6.175032138824463,,
1,,,,,119,,,6.252758502960205,,
1,,,,,124,,,6.252655029296875,,
1,,6.194187164306641,,,124,,,,,6.193417072296143
1,,,,,129,,,6.117071628570557,,
1,,,,,134,,,6.194361686706543,,
1,,,,,139,,,6.074151515960693,,
1,,,,,144,,,6.126535415649414,,
1,,,,,149,,,6.007960796356201,,
1,,6.032016754150391,,,149,,,,,6.030676364898682
1,6.266479015350342,,,,149,,6.269200801849365,,,
2,,,,,154,,,5.912430763244629,,
2,,,,,159,,,5.916458606719971,,
2,,,,,164,,,5.912026882171631,,
2,,,,,169,,,5.784541130065918,,
2,,,,,174,,,5.812829971313477,,
2,,5.827718257904053,,,174,,,,,5.826195240020752
2,,,,,179,,,5.789668083190918,,
2,,,,,184,,,5.739409923553467,,
2,,,,,189,,,5.759578704833984,,
2,,,,,194,,,5.567385196685791,,
2,,,,,199,,,5.595689296722412,,
2,,5.662202835083008,,,199,,,,,5.6614460945129395
2,,,,,204,,,5.4532470703125,,
2,,,,,209,,,5.597356796264648,,
2,,,,,214,,,5.5582475662231445,,
2,,,,,219,,,5.5633368492126465,,
2,,,,,224,,,5.444599151611328,,
2,,5.5482940673828125,,,224,,,,,5.547423362731934
2,5.7300848960876465,,,,224,,5.733090400695801,,,
3,,,,,229,,,5.492917537689209,,
3,,,,,234,,,5.454464435577393,,
3,,,,,239,,,5.341276168823242,,
3,,,,,244,,,5.379517078399658,,
3,,,,,249,,,5.5359110832214355,,
3,,5.453714370727539,,,249,,,,,5.4510674476623535
3,,,,,254,,,5.474762439727783,,
3,,,,,259,,,5.382693767547607,,
3,,,,,264,,,5.3448944091796875,,
3,,,,,269,,,5.320437431335449,,
3,,,,,274,,,5.43073034286499,,
3,,5.358070373535156,,,274,,,,,5.357126235961914
3,,,,,279,,,5.358580589294434,,
3,,,,,284,,,5.266604900360107,,
3,,,,,289,,,5.252153396606445,,
3,,,,,294,,,5.251662731170654,,
3,,,,,299,,,5.267777919769287,,
3,,5.278690814971924,,,299,,,,,5.279132843017578
3,5.360839366912842,,,,299,,5.361819267272949,,,
4,,,,,304,,,5.173369407653809,,
4,,,,,309,,,5.151695251464844,,
4,,,,,314,,,5.051671981811523,,
4,,,,,319,,,5.209530830383301,,
4,,,,,324,,,5.085695266723633,,
4,,5.237660884857178,,,324,,,,,5.237945079803467
4,,,,,329,,,5.166173934936523,,
4,,,,,334,,,5.1915740966796875,,
4,,,,,339,,,4.98112154006958,,
4,,,,,344,,,5.176590442657471,,
4,,,,,349,,,5.066819667816162,,
4,,5.175490379333496,,,349,,,,,5.175024032592773
4,,,,,354,,,5.057574272155762,,
4,,,,,359,,,5.091902732849121,,
4,,,,,364,,,5.058352470397949,,
4,,,,,369,,,5.112064838409424,,
4,,,,,374,,,5.225414276123047,,
4,,5.126773834228516,,,374,,,,,5.1263427734375
4,5.134420871734619,,,,374,,5.1334638595581055,,,
5,,,,,379,,,4.798346519470215,,
5,,,,,384,,,4.944865703582764,,
5,,,,,389,,,4.914377212524414,,
5,,,,,394,,,4.899031639099121,,
5,,,,,399,,,4.979178428649902,,
5,,5.07971715927124,,,399,,,,,5.077197074890137
5,,,,,404,,,5.099201679229736,,
5,,,,,409,,,4.958017349243164,,
5,,,,,414,,,4.995283603668213,,
5,,,,,419,,,5.106863975524902,,
5,,,,,424,,,5.012258052825928,,
5,,5.047584056854248,,,424,,,,,5.045494556427002
5,,,,,429,,,4.907100677490234,,
5,,,,,434,,,5.004199028015137,,
5,,,,,439,,,4.867588043212891,,
5,,,,,444,,,4.948634147644043,,
5,,,,,449,,,4.8890299797058105,,
5,,5.0088791847229,,,449,,,,,5.008909225463867
5,4.9665751457214355,,,,449,,4.967391490936279,,,
6,,,,,454,,,4.842255115509033,,
6,,,,,459,,,4.887200355529785,,
6,,,,,464,,,4.916008472442627,,
6,,,,,469,,,4.852396011352539,,
6,,,,,474,,,4.8237433433532715,,
6,,4.973418712615967,,,474,,,,,4.974308490753174
6,,,,,479,,,4.911621570587158,,
6,,,,,484,,,4.941892623901367,,
6,,,,,489,,,4.922608852386475,,
6,,,,,494,,,4.800948619842529,,
6,,,,,499,,,4.774920463562012,,
6,,4.937582969665527,,,499,,,,,4.937335968017578
6,,,,,504,,,4.786545276641846,,
6,,,,,509,,,4.889305591583252,,
6,,,,,514,,,4.843343734741211,,
6,,,,,519,,,4.713425636291504,,
6,,,,,524,,,4.996283531188965,,
6,,4.907234191894531,,,524,,,,,4.90569543838501
6,4.83585262298584,,,,524,,4.834165096282959,,,
7,,,,,529,,,4.641567707061768,,
7,,,,,534,,,4.596466541290283,,
7,,,,,539,,,4.7441935539245605,,
7,,,,,544,,,4.694578647613525,,
7,,,,,549,,,4.815906524658203,,
7,,4.88232421875,,,549,,,,,4.884201526641846
7,,,,,554,,,4.766768455505371,,
7,,,,,559,,,4.780611991882324,,
7,,,,,564,,,4.592341423034668,,
7,,,,,569,,,4.710328578948975,,
7,,,,,574,,,4.8062005043029785,,
7,,4.856217384338379,,,574,,,,,4.856756210327148
7,,,,,579,,,4.607296943664551,,
7,,,,,584,,,4.732493877410889,,
7,,,,,589,,,4.713191509246826,,
7,,,,,594,,,4.683756351470947,,
7,,,,,599,,,4.856407642364502,,
7,,4.820947647094727,,,599,,,,,4.818711280822754
7,4.722975254058838,,,,599,,4.7215704917907715,,,
8,,,,,604,,,4.532686710357666,,
8,,,,,609,,,4.5933051109313965,,
8,,,,,614,,,4.570895195007324,,
8,,,,,619,,,4.565240859985352,,
8,,,,,624,,,4.685754299163818,,
8,,4.810309886932373,,,624,,,,,4.8088202476501465
8,,,,,629,,,4.614995002746582,,
8,,,,,634,,,4.636709690093994,,
8,,,,,639,,,4.717532634735107,,
8,,,,,644,,,4.6557464599609375,,
8,,,,,649,,,4.651981353759766,,
8,,4.782217025756836,,,649,,,,,4.781515121459961
8,,,,,654,,,4.763986587524414,,
8,,,,,659,,,4.727313995361328,,
8,,,,,664,,,4.62332820892334,,
8,,,,,669,,,4.515518665313721,,
8,,,,,674,,,4.453361988067627,,
8,,4.76866340637207,,,674,,,,,4.768357753753662
8,4.621078014373779,,,,674,,4.622844696044922,,,
9,,,,,679,,,4.497056484222412,,
9,,,,,684,,,4.522859573364258,,
9,,,,,689,,,4.626925945281982,,
9,,,,,694,,,4.448909282684326,,
9,,,,,699,,,4.589278221130371,,
9,,4.749011039733887,,,699,,,,,4.746273517608643
9,,,,,704,,,4.5109357833862305,,
9,,,,,709,,,4.470645427703857,,
9,,,,,714,,,4.528679370880127,,
9,,,,,719,,,4.503937244415283,,
9,,,,,724,,,4.576679229736328,,
9,,4.729682445526123,,,724,,,,,4.727723598480225
9,,,,,729,,,4.518814563751221,,
9,,,,,734,,,4.6067423820495605,,
9,,,,,739,,,4.582806587219238,,
9,,,,,744,,,4.554457664489746,,
9,,,,,749,,,4.878607273101807,,
9,,4.716722011566162,,,749,,,,,4.717074871063232
9,4.538537979125977,,,,749,,4.5349578857421875,,,
10,,,,,754,,,4.5268049240112305,,
10,,,,,759,,,4.4873528480529785,,
10,,,,,764,,,4.349340438842773,,
10,,,,,769,,,4.4880595207214355,,
10,,,,,774,,,4.419986248016357,,
10,,4.702703952789307,,,774,,,,,4.701852798461914
10,,,,,779,,,4.465256214141846,,
10,,,,,784,,,4.398056983947754,,
10,,,,,789,,,4.477080345153809,,
10,,,,,794,,,4.516876220703125,,
10,,,,,799,,,4.379152774810791,,
10,,4.684477806091309,,,799,,,,,4.681845664978027
10,,,,,804,,,4.394660949707031,,
10,,,,,809,,,4.528777599334717,,
10,,,,,814,,,4.528007507324219,,
10,,,,,819,,,4.439077377319336,,
10,,,,,824,,,4.695908546447754,,
10,,4.664386749267578,,,824,,,,,4.664637088775635
10,4.459619998931885,,,,824,,4.4571332931518555,,,
11,,,,,829,,,4.330789566040039,,
11,,,,,834,,,4.402918815612793,,
11,,,,,839,,,4.350961208343506,,
11,,,,,844,,,4.339543342590332,,
11,,,,,849,,,4.423229694366455,,
11,,4.678307056427002,,,849,,,,,4.67458963394165
11,,,,,854,,,4.458800792694092,,
11,,,,,859,,,4.524886608123779,,
11,,,,,864,,,4.302534103393555,,
11,,,,,869,,,4.318649768829346,,
11,,,,,874,,,4.465850830078125,,
11,,4.644777297973633,,,874,,,,,4.643109321594238
11,,,,,879,,,4.271225452423096,,
11,,,,,884,,,4.420154571533203,,
11,,,,,889,,,4.400181770324707,,
11,,,,,894,,,4.473666667938232,,
11,,,,,899,,,4.400344371795654,,
11,,4.635173320770264,,,899,,,,,4.635394096374512
11,4.388918876647949,,,,899,,4.38879919052124,,,
12,,,,,904,,,4.3259453773498535,,
12,,,,,909,,,4.187309265136719,,
12,,,,,914,,,4.304292678833008,,
12,,,,,919,,,4.4250335693359375,,
12,,,,,924,,,4.242554187774658,,
12,,4.640222549438477,,,924,,,,,4.640011310577393
12,,,,,929,,,4.379261016845703,,
12,,,,,934,,,4.348207473754883,,
12,,,,,939,,,4.371497631072998,,
12,,,,,944,,,4.1807074546813965,,
12,,,,,949,,,4.401105880737305,,
12,,4.619831562042236,,,949,,,,,4.6223273277282715
12,,,,,954,,,4.381263732910156,,
12,,,,,959,,,4.461209774017334,,
12,,,,,964,,,4.410678863525391,,
12,,,,,969,,,4.415485858917236,,
12,,,,,974,,,4.346561431884766,,
12,,4.6251068115234375,,,974,,,,,4.626705646514893
12,4.326623916625977,,,,974,,4.326415061950684,,,
13,,,,,979,,,4.1487717628479,,
13,,,,,984,,,4.203169345855713,,
13,,,,,989,,,4.238715648651123,,
13,,,,,994,,,4.257888317108154,,
13,,,,,999,,,4.2362189292907715,,
13,,4.622981071472168,,,999,,,,,4.624533653259277
13,,,,,1004,,,4.349609851837158,,
13,,,,,1009,,,4.291228771209717,,
13,,,,,1014,,,4.215524673461914,,
13,,,,,1019,,,4.2858476638793945,,
13,,,,,1024,,,4.259639263153076,,
13,,4.613402843475342,,,1024,,,,,4.6134443283081055
13,,,,,1029,,,4.468240737915039,,
13,,,,,1034,,,4.236268043518066,,
13,,,,,1039,,,4.255558013916016,,
13,,,,,1044,,,4.23684024810791,,
13,,,,,1049,,,4.284165859222412,,
13,,4.598264217376709,,,1049,,,,,4.599333763122559
13,4.272560119628906,,,,1049,,4.2724385261535645,,,
14,,,,,1054,,,4.277292251586914,,
14,,,,,1059,,,4.127755165100098,,
14,,,,,1064,,,4.2751641273498535,,
14,,,,,1069,,,4.182704925537109,,
14,,,,,1074,,,4.112003326416016,,
14,,4.61196231842041,,,1074,,,,,4.612069129943848
14,,,,,1079,,,4.273191928863525,,
14,,,,,1084,,,4.116375923156738,,
14,,,,,1089,,,4.263258457183838,,
14,,,,,1094,,,4.241588115692139,,
14,,,,,1099,,,4.230106830596924,,
14,,4.594765663146973,,,1099,,,,,4.596405982971191
14,,,,,1104,,,4.274110317230225,,
14,,,,,1109,,,4.228216171264648,,
14,,,,,1114,,,4.211960315704346,,
14,,,,,1119,,,4.211313247680664,,
14,,,,,1124,,,4.189718723297119,,
14,,4.599224090576172,,,1124,,,,,4.599501132965088
14,4.217874526977539,,,,1124,,4.218171119689941,,,
15,,,,,1129,,,4.047004699707031,,
15,,,,,1134,,,4.163135528564453,,
15,,,,,1139,,,3.980649471282959,,
15,,,,,1144,,,4.1159749031066895,,
15,,,,,1149,,,4.185367584228516,,
15,,4.605732440948486,,,1149,,,,,4.607391357421875
15,,,,,1154,,,4.071061134338379,,
15,,,,,1159,,,4.170748233795166,,
15,,,,,1164,,,4.1625471115112305,,
15,,,,,1169,,,4.1032633781433105,,
15,,,,,1174,,,4.1477580070495605,,
15,,4.584754943847656,,,1174,,,,,4.584546089172363
15,,,,,1179,,,4.307232856750488,,
15,,,,,1184,,,4.097851276397705,,
15,,,,,1189,,,4.203351020812988,,
15,,,,,1194,,,4.199375152587891,,
15,,,,,1199,,,4.192523002624512,,
15,,4.583955764770508,,,1199,,,,,4.582208633422852
15,4.1728620529174805,,,,1199,,4.172654151916504,,,
16,,,,,1204,,,4.077577114105225,,
16,,,,,1209,,,4.1028032302856445,,
16,,,,,1214,,,4.021546840667725,,
16,,,,,1219,,,3.9861979484558105,,
16,,,,,1224,,,4.112850666046143,,
16,,4.608529090881348,,,1224,,,,,4.609888553619385
16,,,,,1229,,,4.165257930755615,,
16,,,,,1234,,,4.06207275390625,,
16,,,,,1239,,,4.034095287322998,,
16,,,,,1244,,,4.162894248962402,,
16,,,,,1249,,,4.114881992340088,,
16,,4.589182376861572,,,1249,,,,,4.588757038116455
16,,,,,1254,,,4.204863548278809,,
16,,,,,1259,,,4.147796630859375,,
16,,,,,1264,,,4.248658180236816,,
16,,,,,1269,,,4.2226057052612305,,
16,,,,,1274,,,4.268141746520996,,
16,,4.583230972290039,,,1274,,,,,4.581029891967773
16,4.127615451812744,,,,1274,,4.12613582611084,,,
17,,,,,1279,,,4.091737270355225,,
17,,,,,1284,,,4.020181655883789,,
17,,,,,1289,,,4.003675937652588,,
17,,,,,1294,,,3.935124158859253,,
17,,,,,1299,,,3.9658637046813965,,
17,,4.6053690910339355,,,1299,,,,,4.60444450378418
17,,,,,1304,,,3.9322683811187744,,
17,,,,,1309,,,4.147753715515137,,
17,,,,,1314,,,4.001884460449219,,
17,,,,,1319,,,4.118896484375,,
17,,,,,1324,,,4.124630451202393,,
17,,4.587305545806885,,,1324,,,,,4.586345195770264
17,,,,,1329,,,4.069718360900879,,
17,,,,,1334,,,4.129851341247559,,
17,,,,,1339,,,4.157101631164551,,
17,,,,,1344,,,4.0455451011657715,,
17,,,,,1349,,,4.04924201965332,,
17,,4.575740814208984,,,1349,,,,,4.577558517456055
17,4.083030700683594,,,,1349,,4.083386421203613,,,
18,,,,,1354,,,4.018409729003906,,
18,,,,,1359,,,3.9839401245117188,,
18,,,,,1364,,,3.986410617828369,,
18,,,,,1369,,,4.0295562744140625,,
18,,,,,1374,,,4.065031051635742,,
18,,4.597196578979492,,,1374,,,,,4.600958824157715
18,,,,,1379,,,4.017439842224121,,
18,,,,,1384,,,4.079362869262695,,
18,,,,,1389,,,3.956679582595825,,
18,,,,,1394,,,4.132041931152344,,
18,,,,,1399,,,3.9866063594818115,,
18,,4.5870585441589355,,,1399,,,,,4.5879974365234375
18,,,,,1404,,,4.002491474151611,,
18,,,,,1409,,,4.081860065460205,,
18,,,,,1414,,,4.017225742340088,,
18,,,,,1419,,,4.074765205383301,,
18,,,,,1424,,,4.161942958831787,,
18,,4.575798034667969,,,1424,,,,,4.576982498168945
18,4.048009395599365,,,,1424,,4.046810150146484,,,
19,,,,,1429,,,3.876591205596924,,
19,,,,,1434,,,3.992164134979248,,
19,,,,,1439,,,4.002109527587891,,
19,,,,,1444,,,3.9265265464782715,,
19,,,,,1449,,,4.017718315124512,,
19,,4.604162216186523,,,1449,,,,,4.606592655181885
19,,,,,1454,,,3.9585070610046387,,
19,,,,,1459,,,4.011292457580566,,
19,,,,,1464,,,3.940256118774414,,
19,,,,,1469,,,4.058530330657959,,
19,,,,,1474,,,4.045285224914551,,
19,,4.616580486297607,,,1474,,,,,4.615418434143066
19,,,,,1479,,,4.19251823425293,,
19,,,,,1484,,,4.143850326538086,,
19,,,,,1489,,,4.08380126953125,,
19,,,,,1494,,,4.075758934020996,,
19,,,,,1499,,,4.171106338500977,,
19,,4.573336124420166,,,1499,,,,,4.575533866882324
19,4.011900901794434,,,,1499,,4.010223865509033,,,
20,,,,,1504,,,3.904898166656494,,
20,,,,,1509,,,3.89861798286438,,
20,,,,,1514,,,3.9612274169921875,,
20,,,,,1519,,,4.016904830932617,,
20,,,,,1524,,,3.9355342388153076,,
20,,4.6129150390625,,,1524,,,,,4.6148834228515625
20,,,,,1529,,,3.853611469268799,,
20,,,,,1534,,,3.9813456535339355,,
20,,,,,1539,,,4.018838882446289,,
20,,,,,1544,,,3.9387075901031494,,
20,,,,,1549,,,4.036112308502197,,
20,,4.603323936462402,,,1549,,,,,4.604680061340332
20,,,,,1554,,,4.061801910400391,,
20,,,,,1559,,,4.094163417816162,,
20,,,,,1564,,,3.940441608428955,,
20,,,,,1569,,,4.064114093780518,,
20,,,,,1574,,,3.934030532836914,,
20,,4.598366737365723,,,1574,,,,,4.600048065185547
20,3.9752097129821777,,,,1574,,3.975642204284668,,,
21,,,,,1579,,,3.947077751159668,,
21,,,,,1584,,,3.9123544692993164,,
21,,,,,1589,,,3.825876474380493,,
21,,,,,1594,,,4.037880897521973,,
21,,,,,1599,,,3.9297242164611816,,
21,,4.61843729019165,,,1599,,,,,4.618618011474609
21,,,,,1604,,,4.019195079803467,,
21,,,,,1609,,,3.9525227546691895,,
21,,,,,1614,,,3.9053256511688232,,
21,,,,,1619,,,3.996953248977661,,
21,,,,,1624,,,3.926906108856201,,
21,,4.60353946685791,,,1624,,,,,4.604217052459717
21,,,,,1629,,,3.960571527481079,,
21,,,,,1634,,,3.9630584716796875,,
21,,,,,1639,,,3.9260315895080566,,
21,,,,,1644,,,3.902693271636963,,
21,,,,,1649,,,3.8116588592529297,,
21,,4.590216159820557,,,1649,,,,,4.592032432556152
21,3.9443249702453613,,,,1649,,3.9457221031188965,,,
22,,,,,1654,,,3.9024758338928223,,
22,,,,,1659,,,3.843111276626587,,
22,,,,,1664,,,3.856166124343872,,
22,,,,,1669,,,3.83148455619812,,
22,,,,,1674,,,3.844902992248535,,
22,,4.627131938934326,,,1674,,,,,4.629591941833496
22,,,,,1679,,,3.8698668479919434,,
22,,,,,1684,,,3.883033037185669,,
22,,,,,1689,,,3.917290449142456,,
22,,,,,1694,,,3.8411405086517334,,
22,,,,,1699,,,3.99891996383667,,
22,,4.611470699310303,,,1699,,,,,4.612847805023193
22,,,,,1704,,,3.9882144927978516,,
22,,,,,1709,,,4.016709804534912,,
22,,,,,1714,,,3.9760959148406982,,
22,,,,,1719,,,3.8443102836608887,,
22,,,,,1724,,,3.868373155593872,,
22,,4.6062822341918945,,,1724,,,,,4.606682777404785
22,3.9126663208007812,,,,1724,,3.913132429122925,,,
23,,,,,1729,,,3.784304618835449,,
23,,,,,1734,,,3.8394572734832764,,
23,,,,,1739,,,3.858400583267212,,
23,,,,,1744,,,3.888559103012085,,
23,,,,,1749,,,3.869225263595581,,
23,,4.625277996063232,,,1749,,,,,4.63027286529541
23,,,,,1754,,,3.863204002380371,,
23,,,,,1759,,,3.8333423137664795,,
23,,,,,1764,,,3.900792121887207,,
23,,,,,1769,,,3.874629020690918,,
23,,,,,1774,,,3.910601854324341,,
23,,4.632928848266602,,,1774,,,,,4.636207580566406
23,,,,,1779,,,3.938385486602783,,
23,,,,,1784,,,3.942063570022583,,
23,,,,,1789,,,3.971771240234375,,
23,,,,,1794,,,3.840813636779785,,
23,,,,,1799,,,4.047941207885742,,
23,,4.6157755851745605,,,1799,,,,,4.618165493011475
23,3.8877758979797363,,,,1799,,3.886090040206909,,,
24,,,,,1804,,,3.823368787765503,,
24,,,,,1809,,,3.8066906929016113,,
24,,,,,1814,,,3.7589292526245117,,
24,,,,,1819,,,3.953612804412842,,
24,,,,,1824,,,3.8810088634490967,,
24,,4.65842866897583,,,1824,,,,,4.659348487854004
24,,,,,1829,,,3.873919725418091,,
24,,,,,1834,,,3.879142999649048,,
24,,,,,1839,,,3.9298198223114014,,
24,,,,,1844,,,3.94234299659729,,
24,,,,,1849,,,3.850409507751465,,
24,,4.640138149261475,,,1849,,,,,4.644377708435059
24,,,,,1854,,,3.9328746795654297,,
24,,,,,1859,,,3.9791340827941895,,
24,,,,,1864,,,3.8587839603424072,,
24,,,,,1869,,,4.030169486999512,,
24,,,,,1874,,,3.9872193336486816,,
24,,4.626095771789551,,,1874,,,,,4.62811279296875
24,3.861903667449951,,,,1874,,3.8605852127075195,,,
25,,,,,1879,,,3.758197784423828,,
25,,,,,1884,,,3.578690528869629,,
25,,,,,1889,,,3.745166540145874,,
25,,,,,1894,,,3.784632921218872,,
25,,,,,1899,,,3.8149032592773438,,
25,,4.673125743865967,,,1899,,,,,4.674209117889404
25,,,,,1904,,,3.842740058898926,,
25,,,,,1909,,,3.7820241451263428,,
25,,,,,1914,,,3.901611566543579,,
25,,,,,1919,,,3.814378499984741,,
25,,,,,1924,,,3.7019309997558594,,
25,,4.64276647567749,,,1924,,,,,4.6450419425964355
25,,,,,1929,,,3.991798162460327,,
25,,,,,1934,,,3.8686294555664062,,
25,,,,,1939,,,3.8372015953063965,,
25,,,,,1944,,,3.912693500518799,,
25,,,,,1949,,,3.609423875808716,,
25,,4.641867637634277,,,1949,,,,,4.646716117858887
25,3.8300211429595947,,,,1949,,3.8323416709899902,,,
26,,,,,1954,,,3.748457431793213,,
26,,,,,1959,,,3.6733269691467285,,
26,,,,,1964,,,3.8589115142822266,,
26,,,,,1969,,,3.897820472717285,,
26,,,,,1974,,,3.7178955078125,,
26,,4.675055980682373,,,1974,,,,,4.679891109466553
26,,,,,1979,,,3.8259434700012207,,
26,,,,,1984,,,3.9101710319519043,,
26,,,,,1989,,,3.8992855548858643,,
26,,,,,1994,,,3.6432852745056152,,
26,,,,,1999,,,3.877079963684082,,
26,,4.6580376625061035,,,1999,,,,,4.661116600036621
26,3.7862279415130615,,,,1999,,3.7862277030944824,,,
