epoch,epoch_train_loss,epoch_val_loss,num_decay_params,num_nodecay_params,step,total_params,train_loss_epoch,train_loss_step,trainable_params,val_loss
0,,,,,4,,,10.21595573425293,,
0,,,,,9,,,8.167396545410156,,
0,,,,,14,,,6.847870826721191,,
0,,,,,19,,,6.646799564361572,,
0,,,,,24,,,6.549046993255615,,
0,,6.620588302612305,,,24,,,,,6.626420497894287
0,,,,,29,,,6.586611270904541,,
0,,,,,34,,,6.564213275909424,,
0,,,,,39,,,6.5967206954956055,,
0,,,,,44,,,6.560122966766357,,
0,,,,,49,,,6.500707626342773,,
0,,6.559874534606934,,,49,,,,,6.56516695022583
0,,,,,54,,,6.558829307556152,,
0,,,,,59,,,6.513271331787109,,
0,,,,,64,,,6.477761745452881,,
0,,,,,69,,,6.456517219543457,,
0,,,,,74,,,6.2312822341918945,,
0,,6.402413845062256,,,74,,,,,6.405387878417969
0,7.0282182693481445,,7299584.0,7172.0,74,7306756.0,7.036606788635254,,7306756.0,
1,,,,,79,,,6.315541744232178,,
1,,,,,84,,,6.3164143562316895,,
1,,,,,89,,,6.306453227996826,,
1,,,,,94,,,6.197622776031494,,
1,,,,,99,,,6.167116641998291,,
1,,6.202888488769531,,,99,,,,,6.209768772125244
1,,,,,104,,,6.108550071716309,,
1,,,,,109,,,6.0046186447143555,,
1,,,,,114,,,5.9685821533203125,,
1,,,,,119,,,5.943373203277588,,
1,,,,,124,,,5.765324592590332,,
1,,5.828098297119141,,,124,,,,,5.83735990524292
1,,,,,129,,,5.8465070724487305,,
1,,,,,134,,,5.740087032318115,,
1,,,,,139,,,5.716667652130127,,
1,,,,,144,,,5.62013053894043,,
1,,,,,149,,,5.545752048492432,,
1,,5.565290927886963,,,149,,,,,5.577219009399414
1,5.989928245544434,,,,149,,5.994603633880615,,,
2,,,,,154,,,5.37175989151001,,
2,,,,,159,,,5.42767333984375,,
2,,,,,164,,,5.399400234222412,,
2,,,,,169,,,5.212630271911621,,
2,,,,,174,,,5.45475435256958,,
2,,5.395040988922119,,,174,,,,,5.408391952514648
2,,,,,179,,,5.14714241027832,,
2,,,,,184,,,5.321356773376465,,
2,,,,,189,,,5.349054336547852,,
2,,,,,194,,,5.283418655395508,,
2,,,,,199,,,5.133111000061035,,
2,,5.278599739074707,,,199,,,,,5.289336204528809
2,,,,,204,,,5.187729835510254,,
2,,,,,209,,,5.17717170715332,,
2,,,,,214,,,5.0544939041137695,,
2,,,,,219,,,5.192920207977295,,
2,,,,,224,,,5.400829792022705,,
2,,5.183329105377197,,,224,,,,,5.196104526519775
2,5.308324813842773,,,,224,,5.307351589202881,,,
3,,,,,229,,,5.045208930969238,,
3,,,,,234,,,5.155391216278076,,
3,,,,,239,,,5.044083595275879,,
3,,,,,244,,,5.002795696258545,,
3,,,,,249,,,4.9262847900390625,,
3,,5.099899768829346,,,249,,,,,5.111907005310059
3,,,,,254,,,5.057699203491211,,
3,,,,,259,,,4.928983211517334,,
3,,,,,264,,,4.946586608886719,,
3,,,,,269,,,4.958755016326904,,
3,,,,,274,,,4.994577884674072,,
3,,5.016545295715332,,,274,,,,,5.029222011566162
3,,,,,279,,,4.99366569519043,,
3,,,,,284,,,4.7956671714782715,,
3,,,,,289,,,4.980214595794678,,
3,,,,,294,,,4.837575435638428,,
3,,,,,299,,,5.252114772796631,,
3,,4.967320442199707,,,299,,,,,4.978579998016357
3,4.981299877166748,,,,299,,4.978448867797852,,,
4,,,,,304,,,4.827022075653076,,
4,,,,,309,,,4.810232162475586,,
4,,,,,314,,,4.818887710571289,,
4,,,,,319,,,4.699975490570068,,
4,,,,,324,,,4.794593334197998,,
4,,4.905065059661865,,,324,,,,,4.918637752532959
4,,,,,329,,,4.687234878540039,,
4,,,,,334,,,4.8882365226745605,,
4,,,,,339,,,4.7820000648498535,,
4,,,,,344,,,4.651340961456299,,
4,,,,,349,,,4.842159748077393,,
4,,4.855560779571533,,,349,,,,,4.865170478820801
4,,,,,354,,,4.834447860717773,,
4,,,,,359,,,4.627793788909912,,
4,,,,,364,,,4.695030212402344,,
4,,,,,369,,,4.712123394012451,,
4,,,,,374,,,4.61306095123291,,
4,,4.8191351890563965,,,374,,,,,4.829287052154541
4,4.757143497467041,,,,374,,4.758659839630127,,,
5,,,,,379,,,4.526415824890137,,
5,,,,,384,,,4.516963958740234,,
5,,,,,389,,,4.550446510314941,,
5,,,,,394,,,4.6712141036987305,,
5,,,,,399,,,4.526841640472412,,
5,,4.801963806152344,,,399,,,,,4.812932968139648
5,,,,,404,,,4.627715110778809,,
5,,,,,409,,,4.570023059844971,,
5,,,,,414,,,4.57177734375,,
5,,,,,419,,,4.614604473114014,,
5,,,,,424,,,4.615071773529053,,
5,,4.7579755783081055,,,424,,,,,4.769690036773682
5,,,,,429,,,4.707061767578125,,
5,,,,,434,,,4.666202545166016,,
5,,,,,439,,,4.543512344360352,,
5,,,,,444,,,4.499731063842773,,
5,,,,,449,,,4.4041666984558105,,
5,,4.740293979644775,,,449,,,,,4.75038480758667
5,4.591233730316162,,,,449,,4.593202590942383,,,
6,,,,,454,,,4.41557502746582,,
6,,,,,459,,,4.4940314292907715,,
6,,,,,464,,,4.514224529266357,,
6,,,,,469,,,4.484066963195801,,
6,,,,,474,,,4.499638080596924,,
6,,4.728027820587158,,,474,,,,,4.739781379699707
6,,,,,479,,,4.51589822769165,,
6,,,,,484,,,4.481039047241211,,
6,,,,,489,,,4.494757175445557,,
6,,,,,494,,,4.35757303237915,,
6,,,,,499,,,4.505494594573975,,
6,,4.690176486968994,,,499,,,,,4.70108699798584
6,,,,,504,,,4.403501510620117,,
6,,,,,509,,,4.531583786010742,,
6,,,,,514,,,4.528564929962158,,
6,,,,,519,,,4.506662845611572,,
6,,,,,524,,,4.584826946258545,,
6,,4.673637866973877,,,524,,,,,4.683928489685059
6,4.461536407470703,,,,524,,4.460238933563232,,,
7,,,,,529,,,4.305218696594238,,
7,,,,,534,,,4.316577434539795,,
7,,,,,539,,,4.2542829513549805,,
7,,,,,544,,,4.270473957061768,,
7,,,,,549,,,4.313793182373047,,
7,,4.676310062408447,,,549,,,,,4.6864213943481445
7,,,,,554,,,4.404908180236816,,
7,,,,,559,,,4.38616943359375,,
7,,,,,564,,,4.196706771850586,,
7,,,,,569,,,4.519096374511719,,
7,,,,,574,,,4.4004364013671875,,
7,,4.639889240264893,,,574,,,,,4.6509881019592285
7,,,,,579,,,4.47663688659668,,
7,,,,,584,,,4.4198431968688965,,
7,,,,,589,,,4.360599040985107,,
7,,,,,594,,,4.351004123687744,,
7,,,,,599,,,4.303866386413574,,
7,,4.619689464569092,,,599,,,,,4.630502223968506
7,4.344579696655273,,,,599,,4.34500789642334,,,
8,,,,,604,,,4.171364784240723,,
8,,,,,609,,,4.206955432891846,,
8,,,,,614,,,4.3315629959106445,,
8,,,,,619,,,4.2315545082092285,,
8,,,,,624,,,4.160229206085205,,
8,,4.642184257507324,,,624,,,,,4.651974201202393
8,,,,,629,,,4.2157979011535645,,
8,,,,,634,,,4.280593395233154,,
8,,,,,639,,,4.1896281242370605,,
8,,,,,644,,,4.363010406494141,,
8,,,,,649,,,4.059444904327393,,
8,,4.618882656097412,,,649,,,,,4.626429557800293
8,,,,,654,,,4.268931865692139,,
8,,,,,659,,,4.327420711517334,,
8,,,,,664,,,4.168978691101074,,
8,,,,,669,,,4.1519455909729,,
8,,,,,674,,,4.4309587478637695,,
8,,4.599791049957275,,,674,,,,,4.608046054840088
8,4.24216890335083,,,,674,,4.2401814460754395,,,
9,,,,,679,,,4.128835201263428,,
9,,,,,684,,,4.10418176651001,,
9,,,,,689,,,4.004024982452393,,
9,,,,,694,,,4.256493091583252,,
9,,,,,699,,,4.032070636749268,,
9,,4.6221699714660645,,,699,,,,,4.630759239196777
9,,,,,704,,,4.228639602661133,,
9,,,,,709,,,4.059595108032227,,
9,,,,,714,,,4.169425964355469,,
9,,,,,719,,,4.121528625488281,,
9,,,,,724,,,4.072065830230713,,
9,,4.60173225402832,,,724,,,,,4.611156940460205
9,,,,,729,,,4.213291645050049,,
9,,,,,734,,,4.212402820587158,,
9,,,,,739,,,4.223702430725098,,
9,,,,,744,,,4.235354900360107,,
9,,,,,749,,,4.298949718475342,,
9,,4.569846153259277,,,749,,,,,4.577206611633301
9,4.144115924835205,,,,749,,4.142487049102783,,,
10,,,,,754,,,3.9554190635681152,,
10,,,,,759,,,3.9258670806884766,,
10,,,,,764,,,4.035905361175537,,
10,,,,,769,,,4.08131742477417,,
10,,,,,774,,,3.9354934692382812,,
10,,4.638709545135498,,,774,,,,,4.646091938018799
10,,,,,779,,,3.983196973800659,,
10,,,,,784,,,4.011128902435303,,
10,,,,,789,,,3.997466564178467,,
10,,,,,794,,,4.056455135345459,,
10,,,,,799,,,3.9898555278778076,,
10,,4.598911285400391,,,799,,,,,4.6044464111328125
10,,,,,804,,,4.09859037399292,,
10,,,,,809,,,3.9618921279907227,,
10,,,,,814,,,4.095778942108154,,
10,,,,,819,,,4.262514114379883,,
10,,,,,824,,,4.172732353210449,,
10,,4.5882134437561035,,,824,,,,,4.596594333648682
10,4.051192760467529,,,,824,,4.0499138832092285,,,
11,,,,,829,,,3.9144301414489746,,
11,,,,,834,,,3.988513469696045,,
11,,,,,839,,,3.9095723628997803,,
11,,,,,844,,,3.7594480514526367,,
11,,,,,849,,,3.882802963256836,,
11,,4.651304244995117,,,849,,,,,4.658496379852295
11,,,,,854,,,3.9496254920959473,,
11,,,,,859,,,3.9100000858306885,,
11,,,,,864,,,4.114006996154785,,
11,,,,,869,,,3.9952261447906494,,
11,,,,,874,,,3.9366157054901123,,
11,,4.601986408233643,,,874,,,,,4.610110282897949
11,,,,,879,,,4.014648914337158,,
11,,,,,884,,,3.9557461738586426,,
11,,,,,889,,,4.0864152908325195,,
11,,,,,894,,,3.9741170406341553,,
11,,,,,899,,,4.256143093109131,,
11,,4.593724250793457,,,899,,,,,4.600804805755615
11,3.95953631401062,,,,899,,3.9564144611358643,,,
12,,,,,904,,,3.8557510375976562,,
12,,,,,909,,,3.786729097366333,,
12,,,,,914,,,3.7672319412231445,,
12,,,,,919,,,3.8852362632751465,,
12,,,,,924,,,4.036561965942383,,
12,,4.657701015472412,,,924,,,,,4.665768146514893
12,,,,,929,,,3.8946948051452637,,
12,,,,,934,,,3.897181749343872,,
12,,,,,939,,,3.9520092010498047,,
12,,,,,944,,,3.9014334678649902,,
12,,,,,949,,,3.895258903503418,,
12,,4.621881008148193,,,949,,,,,4.629956245422363
12,,,,,954,,,3.902751922607422,,
12,,,,,959,,,3.9142487049102783,,
12,,,,,964,,,3.9057185649871826,,
12,,,,,969,,,4.018881797790527,,
12,,,,,974,,,3.778911828994751,,
12,,4.625931739807129,,,974,,,,,4.632079601287842
12,3.8679614067077637,,,,974,,3.868898391723633,,,
13,,,,,979,,,3.717360019683838,,
13,,,,,984,,,3.5127251148223877,,
13,,,,,989,,,3.7152421474456787,,
13,,,,,994,,,3.7259628772735596,,
13,,,,,999,,,3.722264289855957,,
13,,4.674575328826904,,,999,,,,,4.680663108825684
13,,,,,1004,,,3.76021409034729,,
13,,,,,1009,,,3.8314831256866455,,
13,,,,,1014,,,3.8151814937591553,,
13,,,,,1019,,,3.7380456924438477,,
13,,,,,1024,,,3.704648494720459,,
13,,4.662933826446533,,,1024,,,,,4.665493965148926
13,,,,,1029,,,3.770918369293213,,
13,,,,,1034,,,3.8510499000549316,,
13,,,,,1039,,,3.7803680896759033,,
13,,,,,1044,,,3.761080026626587,,
13,,,,,1049,,,3.944404125213623,,
13,,4.636655330657959,,,1049,,,,,4.642602920532227
13,3.783367872238159,,,,1049,,3.7816731929779053,,,
14,,,,,1054,,,3.627070903778076,,
14,,,,,1059,,,3.726856231689453,,
14,,,,,1064,,,3.7068309783935547,,
14,,,,,1069,,,3.664193630218506,,
14,,,,,1074,,,3.654680013656616,,
14,,4.730968952178955,,,1074,,,,,4.7361836433410645
14,,,,,1079,,,3.611582040786743,,
14,,,,,1084,,,3.6204402446746826,,
14,,,,,1089,,,3.6616013050079346,,
14,,,,,1094,,,3.724850654602051,,
14,,,,,1099,,,3.6126902103424072,,
14,,4.711726665496826,,,1099,,,,,4.719831943511963
14,,,,,1104,,,3.8943614959716797,,
14,,,,,1109,,,3.8702991008758545,,
14,,,,,1114,,,3.8214402198791504,,
14,,,,,1119,,,3.7952377796173096,,
14,,,,,1124,,,4.018083095550537,,
14,,4.67545223236084,,,1124,,,,,4.683346271514893
14,3.6977109909057617,,,,1124,,3.6943392753601074,,,
15,,,,,1129,,,3.5509910583496094,,
15,,,,,1134,,,3.6080851554870605,,
15,,,,,1139,,,3.5113449096679688,,
15,,,,,1144,,,3.5815417766571045,,
15,,,,,1149,,,3.6577067375183105,,
15,,4.776726245880127,,,1149,,,,,4.781669616699219
15,,,,,1154,,,3.6667072772979736,,
15,,,,,1159,,,3.5639193058013916,,
15,,,,,1164,,,3.566763401031494,,
15,,,,,1169,,,3.6232783794403076,,
15,,,,,1174,,,3.731926441192627,,
15,,4.773451805114746,,,1174,,,,,4.778591632843018
15,,,,,1179,,,3.7826313972473145,,
15,,,,,1184,,,3.581178665161133,,
15,,,,,1189,,,3.6965928077697754,,
15,,,,,1194,,,3.7877285480499268,,
15,,,,,1199,,,3.7325451374053955,,
15,,4.726225852966309,,,1199,,,,,4.731831073760986
15,3.6053919792175293,,,,1199,,3.604053497314453,,,
16,,,,,1204,,,3.354971170425415,,
16,,,,,1209,,,3.328418731689453,,
16,,,,,1214,,,3.4162230491638184,,
16,,,,,1219,,,3.4578616619110107,,
16,,,,,1224,,,3.3943681716918945,,
16,,4.836756229400635,,,1224,,,,,4.843089580535889
16,,,,,1229,,,3.5111966133117676,,
16,,,,,1234,,,3.4755806922912598,,
16,,,,,1239,,,3.5552241802215576,,
16,,,,,1244,,,3.5865859985351562,,
16,,,,,1249,,,3.6195552349090576,,
16,,4.806504726409912,,,1249,,,,,4.812495231628418
16,,,,,1254,,,3.506932497024536,,
16,,,,,1259,,,3.663527250289917,,
16,,,,,1264,,,3.6711621284484863,,
16,,,,,1269,,,3.604848861694336,,
16,,,,,1274,,,3.576057195663452,,
16,,4.7810139656066895,,,1274,,,,,4.784883975982666
16,3.5168399810791016,,,,1274,,3.516216278076172,,,
17,,,,,1279,,,3.2311856746673584,,
17,,,,,1284,,,3.2821476459503174,,
17,,,,,1289,,,3.3933026790618896,,
17,,,,,1294,,,3.2714529037475586,,
17,,,,,1299,,,3.2803778648376465,,
17,,4.918549060821533,,,1299,,,,,4.926990032196045
17,,,,,1304,,,3.425086498260498,,
17,,,,,1309,,,3.3149356842041016,,
17,,,,,1314,,,3.5395405292510986,,
17,,,,,1319,,,3.44478178024292,,
17,,,,,1324,,,3.536388635635376,,
17,,4.883646011352539,,,1324,,,,,4.888138771057129
17,,,,,1329,,,3.5128259658813477,,
17,,,,,1334,,,3.4529201984405518,,
17,,,,,1339,,,3.459817409515381,,
17,,,,,1344,,,3.693754196166992,,
17,,,,,1349,,,3.428419351577759,,
17,,4.815016269683838,,,1349,,,,,4.823988914489746
17,3.4273054599761963,,,,1349,,3.427293539047241,,,
18,,,,,1354,,,3.2533469200134277,,
18,,,,,1359,,,3.124728202819824,,
18,,,,,1364,,,3.33565092086792,,
18,,,,,1369,,,3.2157089710235596,,
18,,,,,1374,,,3.2948431968688965,,
18,,4.937131881713867,,,1374,,,,,4.9453864097595215
18,,,,,1379,,,3.2230873107910156,,
18,,,,,1384,,,3.370582103729248,,
18,,,,,1389,,,3.4474549293518066,,
18,,,,,1394,,,3.4716947078704834,,
18,,,,,1399,,,3.3593461513519287,,
18,,4.915208339691162,,,1399,,,,,4.925725936889648
18,,,,,1404,,,3.473938226699829,,
18,,,,,1409,,,3.5042002201080322,,
18,,,,,1414,,,3.428837537765503,,
18,,,,,1419,,,3.498769998550415,,
18,,,,,1424,,,3.694524049758911,,
18,,4.906249523162842,,,1424,,,,,4.910180568695068
18,3.3439488410949707,,,,1424,,3.3402581214904785,,,
19,,,,,1429,,,3.150397300720215,,
19,,,,,1434,,,3.2010114192962646,,
19,,,,,1439,,,3.1639041900634766,,
19,,,,,1444,,,3.1937036514282227,,
19,,,,,1449,,,3.2561752796173096,,
19,,5.0309553146362305,,,1449,,,,,5.035566806793213
19,,,,,1454,,,3.3089613914489746,,
19,,,,,1459,,,3.2853519916534424,,
19,,,,,1464,,,3.181783437728882,,
19,,,,,1469,,,3.229180335998535,,
19,,,,,1474,,,3.317157506942749,,
19,,5.010605335235596,,,1474,,,,,5.0197625160217285
19,,,,,1479,,,3.3277699947357178,,
19,,,,,1484,,,3.352679967880249,,
19,,,,,1489,,,3.277561902999878,,
19,,,,,1494,,,3.406207323074341,,
19,,,,,1499,,,3.4690792560577393,,
19,,4.962873458862305,,,1499,,,,,4.96992826461792
19,3.2556159496307373,,,,1499,,3.253368854522705,,,
20,,,,,1504,,,3.0385758876800537,,
20,,,,,1509,,,2.9721951484680176,,
20,,,,,1514,,,3.050572156906128,,
20,,,,,1519,,,3.14420485496521,,
20,,,,,1524,,,3.034555673599243,,
20,,5.102154731750488,,,1524,,,,,5.1091742515563965
20,,,,,1529,,,3.065819501876831,,
20,,,,,1534,,,3.18049693107605,,
20,,,,,1539,,,3.1915910243988037,,
20,,,,,1544,,,3.21747088432312,,
20,,,,,1549,,,3.2332351207733154,,
20,,5.05446720123291,,,1549,,,,,5.063831329345703
20,,,,,1554,,,3.273625612258911,,
20,,,,,1559,,,3.287099838256836,,
20,,,,,1564,,,3.21687912940979,,
20,,,,,1569,,,3.3811235427856445,,
20,,,,,1574,,,3.3709022998809814,,
20,,5.045964241027832,,,1574,,,,,5.054566860198975
20,3.1639788150787354,,,,1574,,3.161799907684326,,,
21,,,,,1579,,,2.950932264328003,,
21,,,,,1584,,,2.99078106880188,,
21,,,,,1589,,,2.9801440238952637,,
21,,,,,1594,,,2.8806915283203125,,
21,,,,,1599,,,2.9816348552703857,,
21,,5.185178756713867,,,1599,,,,,5.190703392028809
21,,,,,1604,,,2.970362663269043,,
21,,,,,1609,,,3.107048273086548,,
21,,,,,1614,,,3.183809280395508,,
21,,,,,1619,,,3.0810000896453857,,
21,,,,,1624,,,3.0991570949554443,,
21,,5.180420875549316,,,1624,,,,,5.192859649658203
21,,,,,1629,,,3.178524971008301,,
21,,,,,1634,,,3.1839725971221924,,
21,,,,,1639,,,3.165680408477783,,
21,,,,,1644,,,3.2284109592437744,,
21,,,,,1649,,,3.0776360034942627,,
21,,5.138187885284424,,,1649,,,,,5.145286560058594
21,3.07659649848938,,,,1649,,3.076584815979004,,,
22,,,,,1654,,,2.942870616912842,,
22,,,,,1659,,,2.8565120697021484,,
22,,,,,1664,,,2.9542737007141113,,
22,,,,,1669,,,2.9754691123962402,,
22,,,,,1674,,,2.901073694229126,,
22,,5.271141529083252,,,1674,,,,,5.279395580291748
22,,,,,1679,,,2.968989133834839,,
22,,,,,1684,,,2.9859254360198975,,
22,,,,,1689,,,3.0507972240448,,
22,,,,,1694,,,2.984464406967163,,
22,,,,,1699,,,3.052870512008667,,
22,,5.259845733642578,,,1699,,,,,5.264715671539307
22,,,,,1704,,,3.0995521545410156,,
22,,,,,1709,,,3.0891990661621094,,
22,,,,,1714,,,3.079029083251953,,
22,,,,,1719,,,3.1310958862304688,,
22,,,,,1724,,,3.3725059032440186,,
22,,5.200809001922607,,,1724,,,,,5.207025527954102
22,2.994640350341797,,,,1724,,2.9906625747680664,,,
23,,,,,1729,,,2.696242094039917,,
23,,,,,1734,,,2.755143642425537,,
23,,,,,1739,,,2.7644143104553223,,
23,,,,,1744,,,2.760146379470825,,
23,,,,,1749,,,2.8280322551727295,,
23,,5.384047031402588,,,1749,,,,,5.3921332359313965
23,,,,,1754,,,2.8379123210906982,,
23,,,,,1759,,,2.764369010925293,,
23,,,,,1764,,,2.8637170791625977,,
23,,,,,1769,,,2.9898433685302734,,
23,,,,,1774,,,2.995924472808838,,
23,,5.331058979034424,,,1774,,,,,5.337437152862549
23,,,,,1779,,,2.96039080619812,,
23,,,,,1784,,,3.137638568878174,,
23,,,,,1789,,,2.9713010787963867,,
23,,,,,1794,,,2.9871883392333984,,
23,,,,,1799,,,2.914419412612915,,
23,,5.313769817352295,,,1799,,,,,5.326067924499512
23,2.9079973697662354,,,,1799,,2.9079291820526123,,,
24,,,,,1804,,,2.72884464263916,,
24,,,,,1809,,,2.606329917907715,,
24,,,,,1814,,,2.801276206970215,,
24,,,,,1819,,,2.7999234199523926,,
24,,,,,1824,,,2.8171474933624268,,
24,,5.46655797958374,,,1824,,,,,5.477356433868408
24,,,,,1829,,,2.7321157455444336,,
24,,,,,1834,,,2.840763807296753,,
24,,,,,1839,,,2.785820722579956,,
24,,,,,1844,,,2.8528175354003906,,
24,,,,,1849,,,2.9131734371185303,,
24,,5.444446086883545,,,1849,,,,,5.459057807922363
24,,,,,1854,,,2.9216198921203613,,
24,,,,,1859,,,3.0419702529907227,,
24,,,,,1864,,,2.909895181655884,,
24,,,,,1869,,,2.9835329055786133,,
24,,,,,1874,,,2.730090856552124,,
24,,5.384210109710693,,,1874,,,,,5.39564847946167
24,2.818572521209717,,,,1874,,2.8195037841796875,,,
25,,,,,1879,,,2.498061418533325,,
25,,,,,1884,,,2.6327662467956543,,
25,,,,,1889,,,2.5965938568115234,,
25,,,,,1894,,,2.559281826019287,,
25,,,,,1899,,,2.6238770484924316,,
25,,5.539549350738525,,,1899,,,,,5.544911861419678
25,,,,,1904,,,2.782735824584961,,
25,,,,,1909,,,2.7580409049987793,,
25,,,,,1914,,,2.749070644378662,,
25,,,,,1919,,,2.831170082092285,,
25,,,,,1924,,,2.919132947921753,,
25,,5.490461349487305,,,1924,,,,,5.508255958557129
25,,,,,1929,,,2.783801317214966,,
25,,,,,1934,,,2.8311216831207275,,
25,,,,,1939,,,2.7801103591918945,,
25,,,,,1944,,,2.866436004638672,,
25,,,,,1949,,,3.0319976806640625,,
25,,5.486546516418457,,,1949,,,,,5.498622417449951
25,2.7405035495758057,,,,1949,,2.7374355792999268,,,
26,,,,,1954,,,2.369013786315918,,
26,,,,,1959,,,2.5328407287597656,,
26,,,,,1964,,,2.5561916828155518,,
26,,,,,1969,,,2.5532102584838867,,
26,,,,,1974,,,2.487948417663574,,
26,,5.601741790771484,,,1974,,,,,5.617185115814209
26,,,,,1979,,,2.6260273456573486,,
26,,,,,1984,,,2.6646900177001953,,
26,,,,,1989,,,2.7182095050811768,,
26,,,,,1994,,,2.741020441055298,,
26,,,,,1999,,,2.7618868350982666,,
26,,5.614352703094482,,,1999,,,,,5.627546787261963
26,,,,,2004,,,2.786172389984131,,
26,,,,,2009,,,2.8144543170928955,,
26,,,,,2014,,,2.7772955894470215,,
26,,,,,2019,,,2.8319058418273926,,
26,,,,,2024,,,2.907513380050659,,
26,,5.564130783081055,,,2024,,,,,5.581177711486816
26,2.656404972076416,,,,2024,,2.653762102127075,,,
27,,,,,2029,,,2.425474166870117,,
27,,,,,2034,,,2.441345691680908,,
27,,,,,2039,,,2.450737237930298,,
27,,,,,2044,,,2.4439663887023926,,
27,,,,,2049,,,2.483924627304077,,
27,,5.726175785064697,,,2049,,,,,5.738968372344971
27,,,,,2054,,,2.4671778678894043,,
27,,,,,2059,,,2.513166904449463,,
27,,,,,2064,,,2.6740851402282715,,
27,,,,,2069,,,2.709190607070923,,
27,,,,,2074,,,2.647916793823242,,
27,,5.712878704071045,,,2074,,,,,5.724246025085449
27,,,,,2079,,,2.711515426635742,,
27,,,,,2084,,,2.626006841659546,,
27,,,,,2089,,,2.6098105907440186,,
27,,,,,2094,,,2.6423423290252686,,
27,,,,,2099,,,2.693523406982422,,
27,,5.6759114265441895,,,2099,,,,,5.690163612365723
27,2.5726966857910156,,,,2099,,2.5714244842529297,,,
28,,,,,2104,,,2.320277452468872,,
28,,,,,2109,,,2.364253520965576,,
28,,,,,2114,,,2.412094831466675,,
28,,,,,2119,,,2.426990032196045,,
28,,,,,2124,,,2.464092969894409,,
28,,5.853649139404297,,,2124,,,,,5.872740745544434
28,,,,,2129,,,2.53517746925354,,
28,,,,,2134,,,2.524646759033203,,
28,,,,,2139,,,2.527360200881958,,
28,,,,,2144,,,2.5197372436523438,,
28,,,,,2149,,,2.4966697692871094,,
28,,5.790793418884277,,,2149,,,,,5.810021877288818
28,,,,,2154,,,2.635986328125,,
28,,,,,2159,,,2.557488203048706,,
28,,,,,2164,,,2.667721748352051,,
28,,,,,2169,,,2.712743043899536,,
28,,,,,2174,,,2.5919783115386963,,
28,,5.778851509094238,,,2174,,,,,5.795492172241211
28,2.4927151203155518,,,,2174,,2.4916698932647705,,,
29,,,,,2179,,,2.2539687156677246,,
29,,,,,2184,,,2.259159564971924,,
29,,,,,2189,,,2.31254506111145,,
29,,,,,2194,,,2.35001277923584,,
29,,,,,2199,,,2.4021785259246826,,
29,,5.931430339813232,,,2199,,,,,5.951441764831543
29,,,,,2204,,,2.329258918762207,,
29,,,,,2209,,,2.439662218093872,,
29,,,,,2214,,,2.3862624168395996,,
29,,,,,2219,,,2.462841749191284,,
29,,,,,2224,,,2.387747049331665,,
29,,5.935914039611816,,,2224,,,,,5.95194673538208
29,,,,,2229,,,2.5154287815093994,,
29,,,,,2234,,,2.4647884368896484,,
29,,,,,2239,,,2.6165871620178223,,
29,,,,,2244,,,2.4570152759552,,
29,,,,,2249,,,2.7574329376220703,,
29,,5.8731303215026855,,,2249,,,,,5.8923540115356445
29,2.412637233734131,,,,2249,,2.409008026123047,,,
30,,,,,2254,,,2.17380428314209,,
30,,,,,2259,,,2.2069292068481445,,
30,,,,,2264,,,2.242788076400757,,
30,,,,,2269,,,2.2899653911590576,,
30,,,,,2274,,,2.346238613128662,,
30,,6.033034801483154,,,2274,,,,,6.050103664398193
30,,,,,2279,,,2.2474379539489746,,
30,,,,,2284,,,2.317295789718628,,
30,,,,,2289,,,2.3120861053466797,,
30,,,,,2294,,,2.3668086528778076,,
30,,,,,2299,,,2.383544921875,,
30,,5.98673677444458,,,2299,,,,,6.0108795166015625
30,,,,,2304,,,2.420736312866211,,
30,,,,,2309,,,2.4276440143585205,,
30,,,,,2314,,,2.472031593322754,,
30,,,,,2319,,,2.5201447010040283,,
30,,,,,2324,,,2.597660541534424,,
30,,5.9533796310424805,,,2324,,,,,5.972399711608887
30,2.333082914352417,,,,2324,,2.3302979469299316,,,
31,,,,,2329,,,2.0885324478149414,,
31,,,,,2334,,,2.155301570892334,,
31,,,,,2339,,,2.1670920848846436,,
31,,,,,2344,,,2.193507671356201,,
31,,,,,2349,,,2.110018491744995,,
31,,6.148760795593262,,,2349,,,,,6.167245388031006
31,,,,,2354,,,2.1964597702026367,,
31,,,,,2359,,,2.265652894973755,,
31,,,,,2364,,,2.2834699153900146,,
31,,,,,2369,,,2.2759041786193848,,
31,,,,,2374,,,2.317781925201416,,
31,,6.130528926849365,,,2374,,,,,6.144707202911377
31,,,,,2379,,,2.3587024211883545,,
31,,,,,2384,,,2.449192523956299,,
31,,,,,2389,,,2.255629062652588,,
31,,,,,2394,,,2.441335916519165,,
31,,,,,2399,,,2.354907751083374,,
31,,6.0407586097717285,,,2399,,,,,6.0610151290893555
31,2.251784563064575,,,,2399,,2.2506988048553467,,,
32,,,,,2404,,,1.9715907573699951,,
32,,,,,2409,,,1.9700942039489746,,
32,,,,,2414,,,2.0626463890075684,,
32,,,,,2419,,,2.087705373764038,,
32,,,,,2424,,,2.1012251377105713,,
32,,6.267667770385742,,,2424,,,,,6.289176940917969
32,,,,,2429,,,2.1476688385009766,,
32,,,,,2434,,,2.103825569152832,,
32,,,,,2439,,,2.2113285064697266,,
32,,,,,2444,,,2.2334675788879395,,
32,,,,,2449,,,2.2146615982055664,,
32,,6.228328704833984,,,2449,,,,,6.2517218589782715
32,,,,,2454,,,2.3172407150268555,,
32,,,,,2459,,,2.31510066986084,,
32,,,,,2464,,,2.3146679401397705,,
32,,,,,2469,,,2.3146700859069824,,
32,,,,,2474,,,2.3990042209625244,,
32,,6.154182434082031,,,2474,,,,,6.171615123748779
32,2.173518180847168,,,,2474,,2.1711442470550537,,,
33,,,,,2479,,,2.0240790843963623,,
33,,,,,2484,,,1.9837794303894043,,
33,,,,,2489,,,1.861560344696045,,
33,,,,,2494,,,1.9279226064682007,,
33,,,,,2499,,,2.0379061698913574,,
33,,6.38720178604126,,,2499,,,,,6.411630153656006
33,,,,,2504,,,2.089191198348999,,
33,,,,,2509,,,2.127619743347168,,
33,,,,,2514,,,2.044351100921631,,
33,,,,,2519,,,2.211329936981201,,
33,,,,,2524,,,2.1654458045959473,,
33,,6.351562023162842,,,2524,,,,,6.371637344360352
33,,,,,2529,,,2.1686174869537354,,
33,,,,,2534,,,2.225288152694702,,
33,,,,,2539,,,2.25167179107666,,
33,,,,,2544,,,2.194023847579956,,
33,,,,,2549,,,2.322274684906006,,
33,,6.321225643157959,,,2549,,,,,6.343470573425293
33,2.095724105834961,,,,2549,,2.0933399200439453,,,
34,,,,,2554,,,1.829936146736145,,
34,,,,,2559,,,1.8527857065200806,,
34,,,,,2564,,,1.8794926404953003,,
34,,,,,2569,,,1.8991762399673462,,
34,,,,,2574,,,1.9837112426757812,,
34,,6.470439910888672,,,2574,,,,,6.502005100250244
34,,,,,2579,,,1.9715564250946045,,
34,,,,,2584,,,1.9925963878631592,,
34,,,,,2589,,,2.0546963214874268,,
34,,,,,2594,,,2.088148832321167,,
34,,,,,2599,,,2.159287691116333,,
34,,6.464953422546387,,,2599,,,,,6.48864221572876
34,,,,,2604,,,2.1368863582611084,,
34,,,,,2609,,,2.0857207775115967,,
34,,,,,2614,,,2.202393054962158,,
34,,,,,2619,,,2.1196653842926025,,
34,,,,,2624,,,2.1966402530670166,,
34,,6.411586761474609,,,2624,,,,,6.439803123474121
34,2.0136613845825195,,,,2624,,2.011735439300537,,,
35,,,,,2629,,,1.7167026996612549,,
35,,,,,2634,,,1.7490715980529785,,
35,,,,,2639,,,1.7897975444793701,,
35,,,,,2644,,,1.8045709133148193,,
35,,,,,2649,,,1.78981351852417,,
35,,6.627334117889404,,,2649,,,,,6.651931285858154
35,,,,,2654,,,1.9813134670257568,,
35,,,,,2659,,,1.9575709104537964,,
35,,,,,2664,,,1.990511178970337,,
35,,,,,2669,,,2.0291922092437744,,
35,,,,,2674,,,2.0129756927490234,,
35,,6.606489658355713,,,2674,,,,,6.626918792724609
35,,,,,2679,,,1.9724246263504028,,
35,,,,,2684,,,2.0872416496276855,,
35,,,,,2689,,,2.1243693828582764,,
35,,,,,2694,,,2.13608455657959,,
35,,,,,2699,,,2.110643148422241,,
35,,6.5274338722229,,,2699,,,,,6.552051544189453
35,1.9398118257522583,,,,2699,,1.9380131959915161,,,
36,,,,,2704,,,1.6958638429641724,,
36,,,,,2709,,,1.6916887760162354,,
36,,,,,2714,,,1.7858341932296753,,
36,,,,,2719,,,1.784402847290039,,
36,,,,,2724,,,1.8273338079452515,,
36,,6.728322982788086,,,2724,,,,,6.749542236328125
36,,,,,2729,,,1.8519450426101685,,
36,,,,,2734,,,1.9458223581314087,,
36,,,,,2739,,,1.88398015499115,,
36,,,,,2744,,,1.9293479919433594,,
36,,,,,2749,,,1.858212947845459,,
36,,6.697704792022705,,,2749,,,,,6.721199989318848
36,,,,,2754,,,1.986366629600525,,
36,,,,,2759,,,1.9611968994140625,,
36,,,,,2764,,,1.987104058265686,,
36,,,,,2769,,,1.9674639701843262,,
36,,,,,2774,,,2.0883736610412598,,
36,,6.7025675773620605,,,2774,,,,,6.730106353759766
36,1.8631399869918823,,,,2774,,1.860769271850586,,,
37,,,,,2779,,,1.6391232013702393,,
37,,,,,2784,,,1.6356247663497925,,
37,,,,,2789,,,1.7352901697158813,,
37,,,,,2794,,,1.7385523319244385,,
37,,,,,2799,,,1.7765957117080688,,
37,,6.8384013175964355,,,2799,,,,,6.863645076751709
37,,,,,2804,,,1.7374063730239868,,
37,,,,,2809,,,1.8482940196990967,,
37,,,,,2814,,,1.8833789825439453,,
37,,,,,2819,,,1.8065017461776733,,
37,,,,,2824,,,1.9277024269104004,,
37,,6.836657524108887,,,2824,,,,,6.860471248626709
37,,,,,2829,,,1.8300940990447998,,
37,,,,,2834,,,1.8607300519943237,,
37,,,,,2839,,,1.8802154064178467,,
37,,,,,2844,,,1.78890061378479,,
37,,,,,2849,,,1.9525867700576782,,
37,,6.789258003234863,,,2849,,,,,6.814183712005615
37,1.7870680093765259,,,,2849,,1.7853261232376099,,,
38,,,,,2854,,,1.5243834257125854,,
38,,,,,2859,,,1.610390305519104,,
38,,,,,2864,,,1.6327704191207886,,
38,,,,,2869,,,1.5129783153533936,,
38,,,,,2874,,,1.6884931325912476,,
38,,6.943938255310059,,,2874,,,,,6.968137741088867
38,,,,,2879,,,1.665833592414856,,
38,,,,,2884,,,1.6272392272949219,,
38,,,,,2889,,,1.743646502494812,,
38,,,,,2894,,,1.8449350595474243,,
38,,,,,2899,,,1.6895653009414673,,
38,,6.967442512512207,,,2899,,,,,6.993584156036377
38,,,,,2904,,,1.8109595775604248,,
38,,,,,2909,,,1.8230805397033691,,
38,,,,,2914,,,1.8794240951538086,,
38,,,,,2919,,,1.9690760374069214,,
38,,,,,2924,,,1.821787714958191,,
38,,6.96514368057251,,,2924,,,,,6.981276035308838
38,1.7088990211486816,,,,2924,,1.7077103853225708,,,
39,,,,,2929,,,1.4886586666107178,,
39,,,,,2934,,,1.4828877449035645,,
39,,,,,2939,,,1.4886960983276367,,
39,,,,,2944,,,1.5345792770385742,,
39,,,,,2949,,,1.5667548179626465,,
39,,7.102790355682373,,,2949,,,,,7.129735946655273
39,,,,,2954,,,1.6941460371017456,,
39,,,,,2959,,,1.5996321439743042,,
39,,,,,2964,,,1.567036747932434,,
39,,,,,2969,,,1.7262165546417236,,
39,,,,,2974,,,1.6618332862854004,,
39,,7.1116108894348145,,,2974,,,,,7.134080410003662
39,,,,,2979,,,1.7345476150512695,,
39,,,,,2984,,,1.8149584531784058,,
39,,,,,2989,,,1.7427338361740112,,
39,,,,,2994,,,1.719152808189392,,
39,,,,,2999,,,1.6562668085098267,,
39,,7.063512802124023,,,2999,,,,,7.084365367889404
39,1.6331628561019897,,,,2999,,1.6329196691513062,,,
40,,,,,3004,,,1.3072248697280884,,
40,,,,,3009,,,1.4056681394577026,,
40,,,,,3014,,,1.4330891370773315,,
40,,,,,3019,,,1.5388193130493164,,
40,,,,,3024,,,1.4894256591796875,,
40,,7.22213077545166,,,3024,,,,,7.246199131011963
40,,,,,3029,,,1.50711989402771,,
40,,,,,3034,,,1.536877155303955,,
40,,,,,3039,,,1.6009551286697388,,
40,,,,,3044,,,1.6151529550552368,,
40,,,,,3049,,,1.667182207107544,,
40,,7.22323751449585,,,3049,,,,,7.244884490966797
40,,,,,3054,,,1.6179648637771606,,
40,,,,,3059,,,1.5822118520736694,,
40,,,,,3064,,,1.7208634614944458,,
40,,,,,3069,,,1.703359842300415,,
40,,,,,3074,,,1.6407588720321655,,
40,,7.223448753356934,,,3074,,,,,7.243988990783691
40,1.560463786125183,,,,3074,,1.5596184730529785,,,
41,,,,,3079,,,1.2957792282104492,,
41,,,,,3084,,,1.3536368608474731,,
41,,,,,3089,,,1.4130871295928955,,
41,,,,,3094,,,1.4354815483093262,,
41,,,,,3099,,,1.4685134887695312,,
41,,7.388066291809082,,,3099,,,,,7.4116997718811035
41,,,,,3104,,,1.4562017917633057,,
41,,,,,3109,,,1.406125545501709,,
41,,,,,3114,,,1.5345512628555298,,
41,,,,,3119,,,1.596357822418213,,
41,,,,,3124,,,1.6309523582458496,,
41,,7.356507301330566,,,3124,,,,,7.381448745727539
41,,,,,3129,,,1.6012859344482422,,
41,,,,,3134,,,1.5632129907608032,,
41,,,,,3139,,,1.588138461112976,,
41,,,,,3144,,,1.6659685373306274,,
41,,,,,3149,,,1.5723903179168701,,
41,,7.375797271728516,,,3149,,,,,7.396805763244629
41,1.4881563186645508,,,,3149,,1.4872697591781616,,,
42,,,,,3154,,,1.178982138633728,,
42,,,,,3159,,,1.2893562316894531,,
42,,,,,3164,,,1.3242764472961426,,
42,,,,,3169,,,1.244614839553833,,
42,,,,,3174,,,1.331631064414978,,
42,,7.510166645050049,,,3174,,,,,7.535682678222656
42,,,,,3179,,,1.366187572479248,,
42,,,,,3184,,,1.2832852602005005,,
42,,,,,3189,,,1.448117971420288,,
42,,,,,3194,,,1.5037776231765747,,
42,,,,,3199,,,1.4996957778930664,,
42,,7.501518249511719,,,3199,,,,,7.524986267089844
42,,,,,3204,,,1.5330997705459595,,
42,,,,,3209,,,1.5564111471176147,,
42,,,,,3214,,,1.5315430164337158,,
42,,,,,3219,,,1.518081545829773,,
42,,,,,3224,,,1.5035932064056396,,
42,,7.4907636642456055,,,3224,,,,,7.516042709350586
42,1.4142073392868042,,,,3224,,1.4132663011550903,,,
43,,,,,3229,,,1.2283614873886108,,
43,,,,,3234,,,1.228395938873291,,
43,,,,,3239,,,1.2596467733383179,,
43,,,,,3244,,,1.3048690557479858,,
43,,,,,3249,,,1.2528233528137207,,
43,,7.642908573150635,,,3249,,,,,7.66736364364624
43,,,,,3254,,,1.2598843574523926,,
43,,,,,3259,,,1.3488423824310303,,
43,,,,,3264,,,1.3616276979446411,,
43,,,,,3269,,,1.399079442024231,,
43,,,,,3274,,,1.385980486869812,,
43,,7.6625542640686035,,,3274,,,,,7.68522834777832
43,,,,,3279,,,1.3081855773925781,,
43,,,,,3284,,,1.5128564834594727,,
43,,,,,3289,,,1.5058574676513672,,
43,,,,,3294,,,1.540752649307251,,
43,,,,,3299,,,1.5656979084014893,,
43,,7.63791036605835,,,3299,,,,,7.662768363952637
43,1.3458611965179443,,,,3299,,1.3435474634170532,,,
44,,,,,3304,,,1.1567063331604004,,
44,,,,,3309,,,1.2244116067886353,,
44,,,,,3314,,,1.1557371616363525,,
44,,,,,3319,,,1.2541698217391968,,
44,,,,,3324,,,1.213487982749939,,
44,,7.7960309982299805,,,3324,,,,,7.820064067840576
44,,,,,3329,,,1.1674423217773438,,
44,,,,,3334,,,1.287691593170166,,
44,,,,,3339,,,1.2181801795959473,,
44,,,,,3344,,,1.2835980653762817,,
44,,,,,3349,,,1.3216805458068848,,
44,,7.8002753257751465,,,3349,,,,,7.824893474578857
44,,,,,3354,,,1.4038244485855103,,
44,,,,,3359,,,1.385545015335083,,
44,,,,,3364,,,1.3587205410003662,,
44,,,,,3369,,,1.4547747373580933,,
44,,,,,3374,,,1.2987371683120728,,
44,,7.767911434173584,,,3374,,,,,7.794705867767334
44,1.2743399143218994,,,,3374,,1.2740830183029175,,,
45,,,,,3379,,,1.056676983833313,,
45,,,,,3384,,,1.0618702173233032,,
45,,,,,3389,,,1.053788661956787,,
45,,,,,3394,,,1.1325494050979614,,
45,,,,,3399,,,1.1941453218460083,,
45,,7.910799503326416,,,3399,,,,,7.93833589553833
45,,,,,3404,,,1.2180140018463135,,
45,,,,,3409,,,1.228338360786438,,
45,,,,,3414,,,1.1914650201797485,,
45,,,,,3419,,,1.2167397737503052,,
45,,,,,3424,,,1.2258434295654297,,
45,,7.975970268249512,,,3424,,,,,7.998895645141602
45,,,,,3429,,,1.2119590044021606,,
45,,,,,3434,,,1.2704218626022339,,
45,,,,,3439,,,1.3593969345092773,,
45,,,,,3444,,,1.3479911088943481,,
45,,,,,3449,,,1.367351770401001,,
45,,7.914884567260742,,,3449,,,,,7.943414211273193
45,1.206190586090088,,,,3449,,1.2044941186904907,,,
46,,,,,3454,,,0.9911453723907471,,
46,,,,,3459,,,1.072736144065857,,
46,,,,,3464,,,1.0441561937332153,,
46,,,,,3469,,,1.0449672937393188,,
46,,,,,3474,,,1.1205061674118042,,
46,,8.063435554504395,,,3474,,,,,8.090283393859863
46,,,,,3479,,,1.130550503730774,,
46,,,,,3484,,,1.1638299226760864,,
46,,,,,3489,,,1.2291066646575928,,
46,,,,,3494,,,1.2168687582015991,,
46,,,,,3499,,,1.131221890449524,,
46,,8.067365646362305,,,3499,,,,,8.094807624816895
46,,,,,3504,,,1.1532599925994873,,
46,,,,,3509,,,1.2416085004806519,,
46,,,,,3514,,,1.2351670265197754,,
46,,,,,3519,,,1.2382078170776367,,
46,,,,,3524,,,1.337398886680603,,
46,,8.058810234069824,,,3524,,,,,8.089324951171875
46,1.142109751701355,,,,3524,,1.1400541067123413,,,
47,,,,,3529,,,0.954741895198822,,
47,,,,,3534,,,0.9976032972335815,,
47,,,,,3539,,,0.986737072467804,,
47,,,,,3544,,,0.9915815591812134,,
47,,,,,3549,,,1.010339379310608,,
47,,8.17846965789795,,,3549,,,,,8.206718444824219
47,,,,,3554,,,1.1041803359985352,,
47,,,,,3559,,,1.1276257038116455,,
47,,,,,3564,,,1.1711691617965698,,
47,,,,,3569,,,1.0891132354736328,,
47,,,,,3574,,,1.1496526002883911,,
47,,8.2127103805542,,,3574,,,,,8.236603736877441
47,,,,,3579,,,1.0834815502166748,,
47,,,,,3584,,,1.158473253250122,,
47,,,,,3589,,,1.190057635307312,,
47,,,,,3594,,,1.1464512348175049,,
47,,,,,3599,,,1.2585952281951904,,
47,,8.219466209411621,,,3599,,,,,8.252819061279297
47,1.0769799947738647,,,,3599,,1.0750681161880493,,,
48,,,,,3604,,,0.9201011061668396,,
48,,,,,3609,,,0.8831433057785034,,
48,,,,,3614,,,0.9814581871032715,,
48,,,,,3619,,,0.9118160605430603,,
48,,,,,3624,,,0.941011905670166,,
48,,8.337285995483398,,,3624,,,,,8.371322631835938
48,,,,,3629,,,0.947393536567688,,
48,,,,,3634,,,1.0417523384094238,,
48,,,,,3639,,,1.0329869985580444,,
48,,,,,3644,,,0.9933931827545166,,
48,,,,,3649,,,1.0731079578399658,,
48,,8.368317604064941,,,3649,,,,,8.394131660461426
48,,,,,3654,,,1.0533037185668945,,
48,,,,,3659,,,1.098885416984558,,
48,,,,,3664,,,1.1352792978286743,,
48,,,,,3669,,,1.0813686847686768,,
48,,,,,3674,,,1.0503498315811157,,
48,,8.381494522094727,,,3674,,,,,8.409984588623047
48,1.0142464637756348,,,,3674,,1.0138664245605469,,,
49,,,,,3679,,,0.7905376553535461,,
49,,,,,3684,,,0.9084418416023254,,
49,,,,,3689,,,0.8659317493438721,,
49,,,,,3694,,,0.928428590297699,,
49,,,,,3699,,,0.8847235441207886,,
49,,8.51867961883545,,,3699,,,,,8.548722267150879
49,,,,,3704,,,0.9483886361122131,,
49,,,,,3709,,,0.9161247611045837,,
49,,,,,3714,,,0.9388499855995178,,
49,,,,,3719,,,0.9470643997192383,,
49,,,,,3724,,,0.9160244464874268,,
49,,8.516020774841309,,,3724,,,,,8.545135498046875
49,,,,,3729,,,1.0365923643112183,,
49,,,,,3734,,,1.0609028339385986,,
49,,,,,3739,,,1.0927048921585083,,
49,,,,,3744,,,1.0359128713607788,,
49,,,,,3749,,,1.204442024230957,,
49,,8.513620376586914,,,3749,,,,,8.543511390686035
49,0.955636203289032,,,,3749,,0.9530171751976013,,,
50,,,,,3754,,,0.8043598532676697,,
50,,,,,3759,,,0.8053116798400879,,
50,,,,,3764,,,0.8110363483428955,,
50,,,,,3769,,,0.8264780640602112,,
50,,,,,3774,,,0.8514114618301392,,
50,,8.633785247802734,,,3774,,,,,8.660942077636719
50,,,,,3779,,,0.9623044729232788,,
50,,,,,3784,,,0.8827813863754272,,
50,,,,,3789,,,0.8908945322036743,,
50,,,,,3794,,,0.8493434190750122,,
50,,,,,3799,,,0.9484545588493347,,
50,,8.658519744873047,,,3799,,,,,8.68779468536377
50,,,,,3804,,,0.9870163202285767,,
50,,,,,3809,,,0.9322382211685181,,
50,,,,,3814,,,1.0358456373214722,,
50,,,,,3819,,,1.041865348815918,,
50,,,,,3824,,,1.0935813188552856,,
50,,8.66816520690918,,,3824,,,,,8.699650764465332
50,0.8987597227096558,,,,3824,,0.8967092037200928,,,
51,,,,,3829,,,0.7385544776916504,,
51,,,,,3834,,,0.7920773029327393,,
51,,,,,3839,,,0.8006685972213745,,
51,,,,,3844,,,0.8266322612762451,,
51,,,,,3849,,,0.825458288192749,,
51,,8.7756986618042,,,3849,,,,,8.807319641113281
51,,,,,3854,,,0.849977970123291,,
51,,,,,3859,,,0.8001545071601868,,
51,,,,,3864,,,0.8576692342758179,,
51,,,,,3869,,,0.8670240640640259,,
51,,,,,3874,,,0.8699703812599182,,
51,,8.80230712890625,,,3874,,,,,8.836398124694824
51,,,,,3879,,,0.9278938174247742,,
51,,,,,3884,,,0.8841036558151245,,
51,,,,,3889,,,0.8947128057479858,,
51,,,,,3894,,,1.0186293125152588,,
51,,,,,3899,,,0.9897554516792297,,
51,,8.803083419799805,,,3899,,,,,8.834546089172363
51,0.842533528804779,,,,3899,,0.8409839272499084,,,
52,,,,,3904,,,0.6996018290519714,,
52,,,,,3909,,,0.7465644478797913,,
52,,,,,3914,,,0.7089033126831055,,
52,,,,,3919,,,0.7966451048851013,,
52,,,,,3924,,,0.7383320331573486,,
52,,8.937422752380371,,,3924,,,,,8.964618682861328
52,,,,,3929,,,0.761285126209259,,
52,,,,,3934,,,0.791849672794342,,
52,,,,,3939,,,0.7692200541496277,,
52,,,,,3944,,,0.8632869720458984,,
52,,,,,3949,,,0.8270224332809448,,
52,,8.933799743652344,,,3949,,,,,8.965846061706543
52,,,,,3954,,,0.8896290063858032,,
52,,,,,3959,,,0.8504161834716797,,
52,,,,,3964,,,0.8614272475242615,,
52,,,,,3969,,,0.8485890626907349,,
52,,,,,3974,,,0.9059446454048157,,
52,,8.935617446899414,,,3974,,,,,8.968741416931152
52,0.7929031252861023,,,,3974,,0.791713297367096,,,
53,,,,,3979,,,0.594444990158081,,
53,,,,,3984,,,0.7045127153396606,,
53,,,,,3989,,,0.6361294388771057,,
53,,,,,3994,,,0.6457977294921875,,
53,,,,,3999,,,0.7409298419952393,,
53,,9.058505058288574,,,3999,,,,,9.088449478149414
53,,,,,4004,,,0.7308939099311829,,
53,,,,,4009,,,0.8154557943344116,,
53,,,,,4014,,,0.7369071841239929,,
53,,,,,4019,,,0.7167624831199646,,
53,,,,,4024,,,0.8007446527481079,,
53,,9.078502655029297,,,4024,,,,,9.110522270202637
53,,,,,4029,,,0.8365530967712402,,
53,,,,,4034,,,0.7357215285301208,,
53,,,,,4039,,,0.786538302898407,,
53,,,,,4044,,,0.7772117257118225,,
53,,,,,4049,,,0.8571297526359558,,
53,,9.077737808227539,,,4049,,,,,9.11286735534668
53,0.7430285811424255,,,,4049,,0.7418274879455566,,,
54,,,,,4054,,,0.5953966379165649,,
54,,,,,4059,,,0.6256537437438965,,
54,,,,,4064,,,0.6881957054138184,,
54,,,,,4069,,,0.6650193333625793,,
54,,,,,4074,,,0.678695797920227,,
54,,9.178462982177734,,,4074,,,,,9.21112060546875
54,,,,,4079,,,0.6970888376235962,,
54,,,,,4084,,,0.6760466694831848,,
54,,,,,4089,,,0.6730061769485474,,
54,,,,,4094,,,0.7155762910842896,,
54,,,,,4099,,,0.7266914248466492,,
54,,9.196746826171875,,,4099,,,,,9.231111526489258
54,,,,,4104,,,0.752070963382721,,
54,,,,,4109,,,0.7878666520118713,,
54,,,,,4114,,,0.7545124292373657,,
54,,,,,4119,,,0.7736170887947083,,
54,,,,,4124,,,0.7741302847862244,,
54,,9.230813980102539,,,4124,,,,,9.262749671936035
54,0.6966757774353027,,,,4124,,0.6958603858947754,,,
55,,,,,4129,,,0.5501102805137634,,
55,,,,,4134,,,0.5554353594779968,,
55,,,,,4139,,,0.6285633444786072,,
55,,,,,4144,,,0.5715910792350769,,
55,,,,,4149,,,0.6494147181510925,,
55,,9.290426254272461,,,4149,,,,,9.32279109954834
55,,,,,4154,,,0.6607484221458435,,
55,,,,,4159,,,0.6468659043312073,,
55,,,,,4164,,,0.6492071151733398,,
55,,,,,4169,,,0.7097944617271423,,
55,,,,,4174,,,0.6852334141731262,,
55,,9.338770866394043,,,4174,,,,,9.37015151977539
55,,,,,4179,,,0.6961204409599304,,
55,,,,,4184,,,0.7371053099632263,,
55,,,,,4189,,,0.7411743402481079,,
55,,,,,4194,,,0.7079302668571472,,
55,,,,,4199,,,0.7002854943275452,,
55,,9.37450885772705,,,4199,,,,,9.40910816192627
55,0.6527979373931885,,,,4199,,0.6522980332374573,,,
56,,,,,4204,,,0.5400220155715942,,
56,,,,,4209,,,0.5239204168319702,,
56,,,,,4214,,,0.5854133367538452,,
56,,,,,4219,,,0.5974318385124207,,
56,,,,,4224,,,0.5433122515678406,,
56,,9.444847106933594,,,4224,,,,,9.478485107421875
56,,,,,4229,,,0.6101322770118713,,
56,,,,,4234,,,0.603734016418457,,
56,,,,,4239,,,0.5653944611549377,,
56,,,,,4244,,,0.6474233269691467,,
56,,,,,4249,,,0.6852907538414001,,
56,,9.47507381439209,,,4249,,,,,9.506908416748047
56,,,,,4254,,,0.6480709910392761,,
56,,,,,4259,,,0.631869375705719,,
56,,,,,4264,,,0.6203390955924988,,
56,,,,,4269,,,0.7286519408226013,,
56,,,,,4274,,,0.7244973182678223,,
56,,9.47624683380127,,,4274,,,,,9.51168155670166
56,0.6134284734725952,,,,4274,,0.6122593283653259,,,
57,,,,,4279,,,0.4623568654060364,,
57,,,,,4284,,,0.5467330813407898,,
57,,,,,4289,,,0.5246036648750305,,
57,,,,,4294,,,0.5312318801879883,,
57,,,,,4299,,,0.5588217973709106,,
57,,9.56910514831543,,,4299,,,,,9.604635238647461
57,,,,,4304,,,0.5604903697967529,,
57,,,,,4309,,,0.5982086062431335,,
57,,,,,4314,,,0.5479816198348999,,
57,,,,,4319,,,0.5652685761451721,,
57,,,,,4324,,,0.6092401742935181,,
57,,9.589301109313965,,,4324,,,,,9.62513542175293
57,,,,,4329,,,0.6100582480430603,,
57,,,,,4334,,,0.651967465877533,,
57,,,,,4339,,,0.6365765929222107,,
57,,,,,4344,,,0.5917477011680603,,
57,,,,,4349,,,0.6293670535087585,,
57,,9.595612525939941,,,4349,,,,,9.630586624145508
57,0.57583087682724,,,,4349,,0.5752673149108887,,,
58,,,,,4354,,,0.48631057143211365,,
58,,,,,4359,,,0.4728733003139496,,
58,,,,,4364,,,0.4984937012195587,,
58,,,,,4369,,,0.5172971487045288,,
58,,,,,4374,,,0.523368775844574,,
58,,9.699225425720215,,,4374,,,,,9.734044075012207
58,,,,,4379,,,0.5336562395095825,,
58,,,,,4384,,,0.5316503643989563,,
58,,,,,4389,,,0.5057187080383301,,
58,,,,,4394,,,0.5792515277862549,,
58,,,,,4399,,,0.5936903357505798,,
58,,9.70783805847168,,,4399,,,,,9.747366905212402
58,,,,,4404,,,0.626095712184906,,
58,,,,,4409,,,0.5621277689933777,,
58,,,,,4414,,,0.5987096428871155,,
58,,,,,4419,,,0.5780816674232483,,
58,,,,,4424,,,0.5970717072486877,,
58,,9.719758987426758,,,4424,,,,,9.757824897766113
58,0.5409427285194397,,,,4424,,0.540351927280426,,,
59,,,,,4429,,,0.4500311613082886,,
59,,,,,4434,,,0.4574126899242401,,
59,,,,,4439,,,0.487265408039093,,
59,,,,,4444,,,0.517422080039978,,
59,,,,,4449,,,0.4849865138530731,,
59,,9.807513236999512,,,4449,,,,,9.839966773986816
59,,,,,4454,,,0.4889841377735138,,
59,,,,,4459,,,0.5319038033485413,,
59,,,,,4464,,,0.5477232336997986,,
59,,,,,4469,,,0.5422403812408447,,
59,,,,,4474,,,0.5869000554084778,,
59,,9.832436561584473,,,4474,,,,,9.86410903930664
59,,,,,4479,,,0.510585606098175,,
59,,,,,4484,,,0.5526896119117737,,
59,,,,,4489,,,0.5303804874420166,,
59,,,,,4494,,,0.591990053653717,,
59,,,,,4499,,,0.5666905045509338,,
59,,9.840802192687988,,,4499,,,,,9.878252029418945
59,0.510624885559082,,,,4499,,0.5100346803665161,,,
60,,,,,4504,,,0.40889742970466614,,
60,,,,,4509,,,0.4402657747268677,,
60,,,,,4514,,,0.4361468255519867,,
60,,,,,4519,,,0.45103612542152405,,
60,,,,,4524,,,0.4620684087276459,,
60,,9.91961669921875,,,4524,,,,,9.957101821899414
60,,,,,4529,,,0.47508513927459717,,
60,,,,,4534,,,0.45975539088249207,,
60,,,,,4539,,,0.45533376932144165,,
60,,,,,4544,,,0.5251684784889221,,
60,,,,,4549,,,0.514565646648407,,
60,,9.939209938049316,,,4549,,,,,9.976471900939941
60,,,,,4554,,,0.5171775817871094,,
60,,,,,4559,,,0.5242719650268555,,
60,,,,,4564,,,0.48861318826675415,,
60,,,,,4569,,,0.5661206245422363,,
60,,,,,4574,,,0.6578179597854614,,
60,,9.946784019470215,,,4574,,,,,9.984052658081055
60,0.48239538073539734,,,,4574,,0.4805488884449005,,,
61,,,,,4579,,,0.3887873888015747,,
61,,,,,4584,,,0.42270874977111816,,
61,,,,,4589,,,0.3898305594921112,,
61,,,,,4594,,,0.4238978624343872,,
61,,,,,4599,,,0.45399436354637146,,
61,,10.028904914855957,,,4599,,,,,10.065735816955566
61,,,,,4604,,,0.43262144923210144,,
61,,,,,4609,,,0.4674440026283264,,
61,,,,,4614,,,0.4941282868385315,,
61,,,,,4619,,,0.4489023685455322,,
61,,,,,4624,,,0.49622219800949097,,
61,,10.05156135559082,,,4624,,,,,10.08811092376709
61,,,,,4629,,,0.48867231607437134,,
61,,,,,4634,,,0.5188575983047485,,
61,,,,,4639,,,0.5188630819320679,,
61,,,,,4644,,,0.5003418922424316,,
61,,,,,4649,,,0.4988205134868622,,
61,,10.07761287689209,,,4649,,,,,10.114505767822266
61,0.4566114544868469,,,,4649,,0.4561671018600464,,,
62,,,,,4654,,,0.42078226804733276,,
62,,,,,4659,,,0.38915884494781494,,
62,,,,,4664,,,0.38096198439598083,,
62,,,,,4669,,,0.3887541592121124,,
62,,,,,4674,,,0.4300868511199951,,
62,,10.14210033416748,,,4674,,,,,10.179563522338867
62,,,,,4679,,,0.44460442662239075,,
62,,,,,4684,,,0.4189453423023224,,
62,,,,,4689,,,0.4499918520450592,,
62,,,,,4694,,,0.459894597530365,,
62,,,,,4699,,,0.45264196395874023,,
62,,10.166365623474121,,,4699,,,,,10.200352668762207
62,,,,,4704,,,0.4677564799785614,,
62,,,,,4709,,,0.4633098244667053,,
62,,,,,4714,,,0.472730427980423,,
62,,,,,4719,,,0.47476330399513245,,
62,,,,,4724,,,0.5410273671150208,,
62,,10.168876647949219,,,4724,,,,,10.20396900177002
62,0.4337127208709717,,,,4724,,0.43258315324783325,,,
63,,,,,4729,,,0.3581896722316742,,
63,,,,,4734,,,0.3798220455646515,,
63,,,,,4739,,,0.36995378136634827,,
63,,,,,4744,,,0.3908350467681885,,
63,,,,,4749,,,0.377131849527359,,
63,,10.228121757507324,,,4749,,,,,10.26450252532959
63,,,,,4754,,,0.372146874666214,,
63,,,,,4759,,,0.41342562437057495,,
63,,,,,4764,,,0.41771385073661804,,
63,,,,,4769,,,0.42686498165130615,,
63,,,,,4774,,,0.40217503905296326,,
63,,10.267134666442871,,,4774,,,,,10.302450180053711
63,,,,,4779,,,0.37834590673446655,,
63,,,,,4784,,,0.465686559677124,,
63,,,,,4789,,,0.4263550937175751,,
63,,,,,4794,,,0.4389430284500122,,
63,,,,,4799,,,0.43560007214546204,,
63,,10.29493522644043,,,4799,,,,,10.331954956054688
63,0.4113519489765167,,,,4799,,0.4110967218875885,,,
64,,,,,4804,,,0.33601459860801697,,
64,,,,,4809,,,0.3556428551673889,,
64,,,,,4814,,,0.34974798560142517,,
64,,,,,4819,,,0.3830145001411438,,
64,,,,,4824,,,0.350434273481369,,
64,,10.329994201660156,,,4824,,,,,10.365568161010742
64,,,,,4829,,,0.38100120425224304,,
64,,,,,4834,,,0.40886390209198,,
64,,,,,4839,,,0.4173358380794525,,
64,,,,,4844,,,0.40432465076446533,,
64,,,,,4849,,,0.3986341953277588,,
64,,10.354155540466309,,,4849,,,,,10.393523216247559
64,,,,,4854,,,0.422261506319046,,
64,,,,,4859,,,0.4105305075645447,,
64,,,,,4864,,,0.4465709328651428,,
64,,,,,4869,,,0.4488455057144165,,
64,,,,,4874,,,0.4321422874927521,,
64,,10.393180847167969,,,4874,,,,,10.43497371673584
64,0.3929263651371002,,,,4874,,0.39251357316970825,,,
65,,,,,4879,,,0.3429855406284332,,
65,,,,,4884,,,0.3313814699649811,,
65,,,,,4889,,,0.3374137580394745,,
65,,,,,4894,,,0.3627092242240906,,
65,,,,,4899,,,0.393823504447937,,
65,,10.453535079956055,,,4899,,,,,10.488988876342773
65,,,,,4904,,,0.3550598919391632,,
65,,,,,4909,,,0.3967049717903137,,
65,,,,,4914,,,0.3783629536628723,,
65,,,,,4919,,,0.3857981860637665,,
65,,,,,4924,,,0.41268038749694824,,
65,,10.462454795837402,,,4924,,,,,10.497445106506348
65,,,,,4929,,,0.43397077918052673,,
65,,,,,4934,,,0.401341050863266,,
65,,,,,4939,,,0.39384427666664124,,
65,,,,,4944,,,0.436404287815094,,
65,,,,,4949,,,0.4425523579120636,,
65,,10.475954055786133,,,4949,,,,,10.516427993774414
65,0.3765155076980591,,,,4949,,0.3758203983306885,,,
66,,,,,4954,,,0.32426080107688904,,
66,,,,,4959,,,0.3275681734085083,,
66,,,,,4964,,,0.34417879581451416,,
66,,,,,4969,,,0.3282427489757538,,
66,,,,,4974,,,0.3272548019886017,,
66,,10.520523071289062,,,4974,,,,,10.559103012084961
66,,,,,4979,,,0.33089226484298706,,
66,,,,,4984,,,0.3811444640159607,,
66,,,,,4989,,,0.39210250973701477,,
66,,,,,4994,,,0.3850114643573761,,
66,,,,,4999,,,0.3675307035446167,,
66,,10.538171768188477,,,4999,,,,,10.577763557434082
66,0.34595149755477905,,,,4999,,0.34595149755477905,,,
